paper	paper_folder_id	response_folder_id
emnlp24_doc13	13IBGi6WVMsUlisDWA81yhLKrBeojfvTx	1Vng16bU1FvOFWhHHeTZvk870A2WUA2TW
emnlp24_doc15	1sZoYbkcU7Bwo7lZcoQFR78DTNJ45d79B	1pvGOiC-nYVkFgJCDp2vHednfLpCNK_Eg
emnlp24_doc28	1gUckKouB4GaFm8aP06A25usybybEmOyb	1pbJpsusV0iBjbyI145IPt69JR41rXECZ
emnlp24_doc33	1pdF71xCpacEcgyOImwF1te88_TEFXX9R	1Hm5me8-Gahz23BoYJbzGBI61K2gRefpR
emnlp24_doc46	1hbC2isPcrboxMWVUZEEP0j2MptbQ_Bc_	1VvloBCzQlCqT0FZJvFr9yiyZ-9kMP2A2
emnlp24_doc51	1ATjAn9VP2PFeCyt9xDiTMov7PA9bBEli	1hLwK6yklwIzhKj2R2iUevTpvA1kMQaf7
emnlp24_doc61	15nthqx66HT5L1uCVtnB2L9ZN2stjwkMm	1zGoNTnVqKcTk-IZQaEQhPsgq_N0Ju-Mw
emnlp24_doc85	15mYkqWT9WDv5hKUZe3yCzY5UpHq9nQt5	1NlVajFMw-mtAvWm5RyaH2sx5OSJPeZaK
emnlp24_doc86	1nYWoZvXaofMigQDun76L3ThRdiZkgXnv	1aqnHaGdO89lquiJgaX2RJ9GQV2-fXseo
emnlp24_doc87	1lN5f90emK69tYsLe3ayR5asJHkU2PwDM	1fZI7SjVqkzNhwTQXXGvTU1nlgHSAu7KV
emnlp24_doc91	10I6JtsjqryO0NbAfez2ekbhhdfaG87fm	199UnBMVXEejtUfLLG_6i-wql_UWfSx8h
emnlp24_doc99	1jSnuNaEHtlmmNnotCO2HTiMJeNq8kbOB	1YegOtxWcCC3BCbQKXkUv2AciXNWMgZke
emnlp24_doc103	1buZd806fzTMYCWeE2G0JZmJiECTEnILF	1cLchhb0yCZyH2EG2W1IXxPabzV_vq8f8
emnlp24_doc139	1q26nUsirdqzQVO0HNMV9d_pE6FYlgyA-	1oTi4Shu__OeXF7Z1YQdplvu9gbgv701M
emnlp24_doc141	1BgxzXgax-QikvvORCsYKlQyLrWfAT7Mm	12G82YlXdhgVuJCvJ1M2Z2qIfOOc5JWJR
emnlp24_doc146	1XxDTmMPor98w7v4YhL52lc6-UZqyhcsW	1HtyyVcwSaJCelNXkglXwiGeCaHa0bttq
emnlp24_doc153	1ym5tNy3LfBesYFA0mlv4k790T_Tdcd4Q	1hLUZHfKpmHZK0sA9P0iLcxP2NrDWao_9
emnlp24_doc159	1IVDxpvnDErBV3HNPu9l-GIRj-ZMvTY1M	1PO98rV4HlZSZx7V4RACZWCocZ16TGqX4
emnlp24_doc173	1RleivIojjW3r6gxrh3EIQ33up54sKYAu	1dZxXbgBwRk165L1xGvIaCHcWETrfjbe-
emnlp24_doc180	1adacZvUR1PipQBHVjqQGfIzzqrn6Jlx6	1ha8mS2UcANOZfbOSwq95D2jUd6xIYK8a
emnlp24_doc185	1mjcewNC7mGOs4CIcvOpVeADxx0TNL0A5	1QyXJTbsezp2P4R-3aSJaT8Rnz5END4yx
emnlp24_doc192	11Bs1NKQoCMN08kGIO3IJAXO1rmVJ0jlO	1OCngEQLYC-Duu1BXKjXpPltSbayguSzL
emnlp24_doc193	1XendJpH-VgmS8wFqxCswKzLcJ1uOnWWl	1K9mvG_QK5aNeP2EVL2dQu3IX7fWwrpX6
emnlp24_doc199	1EyaEodbd5eqmmOy11_noU_L3pI7632ij	1GW8taPo5n4yLn7MRtHPOkkm9j16zwjBQ
emnlp24_doc219	1PGqjhMnujtnlgk8kua7cnsHuVLfzr7GG	1SsEqB70h0eQfSOqNLJKhbM9jAs_S34ef
emnlp24_doc220	19zQVWVfgXWoMiTShEdm3WjOW3JBGRWzA	1UvZMZ-NKIYaNKdHwa1ZGCZa3Mxt3-AWT
emnlp24_doc221	1f24jF_R4xMAG0l7zQUOqOAYy5ak1SBnT	1NlS3v3HAgHu0jZFF6c6GDqcp26daXqMr
emnlp24_doc223	1moFvSP_FlkHvWW0gwhVfX9mnHjxsnSYE	1g_O1TQk5AFT4LzuendPsUedV2HFpb3Oc
emnlp24_doc230	1g1HACjfkKYD6j8MJW1oQxvfWXwATIpUm	12tkpu32YajQG5dCkCU9cAfll-5K5PTLx
emnlp24_doc236	1ObnsrBYqG40jh_lZIeqDcHQUUp7Tix0e	1bNDNLCJWuCw9HrShPuULWxzfUUWzYnsR
emnlp24_doc238	1KPQgrQUqDdluEFZYwtWCCrReEP9a_Nvt	1ciAhHs8UtDUWGpmRslbzG2yJPj6BcxXa
emnlp24_doc249	1YgOnr40WSKd4Fc3AeBI5QJBYR1gKYBkw	1G0sCzQtSpcOS0BWy-k4ua5waAXLeOiL9
emnlp24_doc259	1CDJ7sisUbDHC9j6LKbcJo2U5Ph6mTpen	1Bg0IzEdklU7PvoYaqgOUSyaX5M1sCG6c
emnlp24_doc263	1qUdV3XncdqaRha1ZxMAWReV36339VmJd	1pQKXgfK361sd6WPGB-DknfQAZw6nqQnT
emnlp24_doc301	1CNtd9ySBjqMdvt4kUV-JSgouQtdkPCF8	1gv38UljoPOUM8GE-UbOO_x1QnIoI8IzH
emnlp24_doc303	1tBK0eTRL-GvuXecTchBiMfyMrhf56fIs	1FtYCJrX9342YOqmk6b4hA0G3JTYZ6H_V
emnlp24_doc304	1uZzjmr7caLKHWQPrGKi0R-mUG7ExmNEB	1lMwnFssvI7KKdfdYRQnYl7HJE5dmfrrX
emnlp24_doc311	1gzzYD8pu76HQx23fqN336V7NzBB3WB2w	1TOur785PEKVhum9jfRonvWWGl_bTeJt1
emnlp24_doc317	16y1Ri5wI4CCSA2o8nWrf3JzocWZ-U56n	1sjN1tNIUV75GM1wYFP5hdHe7c9pa80z-
emnlp24_doc326	1Bo-ngOShw-nGfV4heRnTFRi2LB7DCH2l	1oWP_fmyHMenADnluHNUt3cuVNuIWxJ97
emnlp24_doc330	1oy8TSGL3_BJvvGL4tW5cx_6fFF1hjxeV	15j-wiWmRZF4Ntyn5j8tGXJ2s_Cvrg_fX
emnlp24_doc333	1skSp04026cuKLWIoXv5fTkiEvC763jEy	1MGGCWdW-dnNf_eC76Ud1Lo1XzA1KjmdH
emnlp24_doc343	1Wuh5fWDHWNuTJTtvCGYiAhGBUrOdRnI9	1AJ0S7SabmYgo1iA7OC4T3db9NuYFLocP
emnlp24_doc349	1OxIPdsJoydgFW-h74eJQ5CZapjlQmajF	1CEieOpOQjId3HzbT5oMrCwbxiOciNjam
emnlp24_doc350	1QoZtKDm3AhaAr4gzcCElJay68CsA6NKr	1CoBeyu0oX8euCBsmpGZ0OPuFbhBgFsg3
emnlp24_doc353	1oI3YeFRdAdMeUBe6pmKJ5i8w87FpgrIW	1bv5e6JPGu1xCN0sAD7XQm3N1Y7hRHMIh
emnlp24_doc387	15boblVv8AZce4EQXiy_CCF-LWvjKHuPX	1btEzqKMWOMVYEQxFLmp9wq6J9hUI3bvv
emnlp24_doc393	16pT6Xdqrz9f5nLOsQh3VgrEyI5BLoFEB	1ZKK-YHWoKZBtJ3idaJ231sLHXyW-lZYL
emnlp24_doc400	1NlxGDNxe3p8UWL-ZG2ObUo3SifcgmL_i	1oKn1KaKkb_mrxttQaWNaAVa9AgQTbwP0
emnlp24_doc409	1ut1X-IC6y9R89ETtUtKXVPhQBtBIrFlX	1v2M9vHx8uus_8uAlcDBs1nT7vhwHeV_d
emnlp24_doc443	1bxRiElCbZwyXieRWWvGM6iTDqaCKP9MU	1pYJh_Phc9Khw0r8dSwl6iODxpFQr1JpP
emnlp24_doc450	1C_9OD-NAdhcEIaz7ab0U7m2jVY9Ezh_O	1rdto-XQNWyKNOf5SGF3uEDoRDKEnZxxy
emnlp24_doc456	1aUMr1xe_YQnmYI-H-jxRhXO1d6O1sOqn	1Lm3pLKvY5Cm7SPv3jPtCl6ZRNZ-jYH8S
emnlp24_doc463	1R6c1IUhBlaBudd1IaFV73yZqfSvdnvDb	1SNsuyXzwxFiep6fONLuM8rOfHFw0ElhF
emnlp24_doc467	1N8VKeuT7dWXNoYTp-_T5dGLqSkOX_3Wx	1af7a8tTfIi3z2zumobOqnuFuoimd3bBu
emnlp24_doc476	1yPNB7y5W8dTq6X_4wh4WfyBvOiqrTPSA	1NXShtv6yLkDibubStdpK4Uw2xEVAwY0G
emnlp24_doc489	1Ga5qirCLscNCMb69pCQcznPvTdMmnj6y	1PMzDhMSVgku1KXHBm5bs2p8oS1UXAJ7Q
emnlp24_doc490	1uC3qvwFkkRsjyzSHhlDmgc5WxCYb887M	1m7aw1p0xgv1YWbKNma2rxLI-vqI3d07U
emnlp24_doc493	1j5F9y3qYg59-uOObVGSGcPhU5x_7-RyL	1UdYj8gmmFpGvzHRyFnHkN82SXcbrQkhv
emnlp24_doc523	1UyXWojA94xZFNcx10OeswcIkdxHeerDF	1oMnMfTs5KvMCXhpiKFTPkABKcSoxzXb2
emnlp24_doc538	1AxS8HIEfShwTeverz-SGgXvzs_t73LGD	1QWqEGgOsUBtcSYiFnBrS01i2RBh3DH-P
emnlp24_doc543	1VLK_6xIyfSTIkEKjU-GvjHHo9IhotQJX	16QA_uJ8xfHVYNw3dqIWpgw0jqo2PETEb
emnlp24_doc545	1Ckpxj9EHhWaeWIWcZLEeebpmUHPwNyG3	1YYpCeJq3fPIyObU6YdpTdpKNvc8U5tR3
emnlp24_doc565	1Wb0Ab7KkSN9ETCx3zm5Nq5OBOm4RQ_BK	1vKz9D73qrIP2qOqlkcMrOZv7JDMTYzHE
emnlp24_doc573	17d8xnYN8jpHZVfZES-KPzsEj2ycFAdS4	1vK7OYDXdVjnjWIFv-v9Flw77TxcGxwPt
emnlp24_doc580	1kjHeawdADNhXAmIJktTDvePkUB3QFHYk	1tB7BtSvInuIUfMUk81hAgQmixuvj-Muz
emnlp24_doc600	1inxODdrkFOdxx9XUFDrgFe08V1PtFazH	1n5Fn8xlhBxtq3nriElN0UzAJqy6-n4Cr
emnlp24_doc635	16xiWvNqPzbzeluLY5M2SVh-bf3Px88pc	10pP23RFyHDrS5YxQev7TPQUKG5nGXvQr
emnlp24_doc656	1YVflFHwyXHU4GdMqiNCxXFETFbHIyD_W	1Fcyn97u_ULofNftYGisorGFA6f1px48p
emnlp24_doc671	1zNs2wPbgJhz_ia7RwLzIx-sywx0aNcep	1ZD5ZUahSxXUYIRNPwb_yonW1kDkjKFWO
emnlp24_doc685	1tgasKG8A3NlcLqoWMEgNJw0Sle9BM6Lj	1Ga1jPhVDAHlIs6E0-RbojMiZfm2f7-CN
emnlp24_doc687	1xWxLxk2gg7sc9qUEKW1PzLXbggjShBvf	19nxoG30VNa5SWBGbgHfNHd5Ttm-Pyabu
emnlp24_doc689	1KdsHfu_h6gDo38P-QDykF0vjdAVViGg4	1ULeLxNMdRXFxXZvWiOfer2uE5x5bS9YZ
emnlp24_doc717	1_OyWbkcLqu1BVURDAiBB_STQyln0KlUD	1v2fKlsSm5wfBpF9YcM3ZuGuCU5r_sgLL
emnlp24_doc731	1Ah9saRir7utumTyzUsfEwDf9j1vuoCtc	1zwBsmbOcnz28Abw3eZE2xWBvKu2olR8y
emnlp24_doc739	1SKaD25M_t9a_-Fbi0jnYpV5JWyjFQxcH	19njDz72Xim0pXlc13osiY9iW4zt9t53c
emnlp24_doc741	1j2KoQAaaRSjx2yn3Xj_yLyOGWZODKSbH	1gGRqk3tMylV7lnjfbdmChfOSylgsuCNG
emnlp24_doc742	1zbPgwFgPtPfdbl5PCjTkL4iQCP6evYs8	1NNitJqNwqmdg6S-WqIo5cnpYh47wAJ3L
emnlp24_doc752	1qbAujG4KmA3_NFhq9s_pscFhzkm5AMw4	1e8ge1kgF97_zuX6HthXtEH7j5A5c9a-i
emnlp24_doc763	1AAX7NATSpjRPgYLgtgH3KXR5hVmMikjv	1EAsZfSV3ad4hXv3j6cIGIVdCwNGFVYO1
emnlp24_doc770	1Ydc-xc4i_guwb6tO-xs5XhIl5jg5KLUx	14zYTSMrjSpYnillb8MsXS6zicycgula1
emnlp24_doc785	17q_WbYl-LuO1blseSxjClgijY9uLtZlA	1oWJx3iDs2SSa6l4tW8Zu6pvwdllKIJBJ
emnlp24_doc791	1m5gkmIXnPz2klzt88LG3bfqigZAGp0a8	1-QGSugYA1engqsXsiG1LMPR_6SlOL7GN
emnlp24_doc802	16Ugu5X1n1MQyvCyf0ZroEifpw-9Kqple	1aLl0befZAUMwqwdkj2o-VIBr-_0dITG8
emnlp24_doc820	1rPI-6RYDyqxIq87sHkkZwBusYMVp9Qra	1zz5pMO8q1bx4M4xmcjSdloiYFYR-y6Em
emnlp24_doc834	1qxjJnFgXNUJPTIwvFO1m-FN_HpdU-Mlo	13x1mkgO85MlF5XsTPVZaAFEY4WiHlRRA
emnlp24_doc843	1Y3_NwKUXZ1z2WKLNJA-p8bOLvoWYJ_B1	19wj9ZqFU4L2uB-mOWFLYuRQejOaEOXPy
emnlp24_doc848	1dLGX6AQYyj4a5vf4yTV2GyIF0s6eVwCU	163TC6MnzabmLo0R1DJdtimnhNm-BeaOl
emnlp24_doc858	1K1RKeDKLHQqfLksaKPJ4c5RZk_SvNdPa	1T-udaVLZsc3MGWJvw4g6pZLWSaUse0Fd
emnlp24_doc860	10yXRlp6zzWkKLgvmrC0LJr2zy7A-exYU	1-7fDneWojQ13nfZxljkO2qhBl7f2H0nD
emnlp24_doc862	1arxEARFIAaxFBIaW3EbFwv17PblZn2zd	1r0xqb1uhMR2O4Bwn7uHXqXW7SbhWHk99
emnlp24_doc867	1uu4JhSIgnNc7iB5jQAY_iOjT-T4sZXo4	1pL27BefKMP2rrsqlxA263yGt6Sua_962
emnlp24_doc868	1UuWwGEue1Rs0Ry-TV5OJFwEOA-cqSTvM	1pn6Nd7kCjm29JJvWtf1Vbz0C-n-NHBh6
emnlp24_doc875	1favMoint-2mL8YBeMefFyXGTcqceNF33	1Ihay_zuYy3pXq0MDGSdws6-SpU6gMZOy
emnlp24_doc883	1UpTU94lBcnYx_VgUOoRa54ELpyfjJpjg	1VUTKQ_3OLQIUsbtRgGGrobLgUSeptMhj
emnlp24_doc885	13DwgUTOPs1IDHx0u_2k-s2Un-7cIZEOE	1-WPEKgH7pLyB1Es12gkW8hSvCSIepMmm
emnlp24_doc892	1Eww7oXC3eExAwDdnSwPwZitvVkL4Enen	1GEEzg4xhSXUB9nZeBEBFj12ZKVXYAAbN
emnlp24_doc897	1nO0cgViJOGseluynvDlqdZMucuhZq3Oe	1tlAL6uWaUfPFRwI8ikpgigOdT9k-bw98
emnlp24_doc902	1nUwh_gLr08UI9MsuS7_V_3QBO8lxtuRj	1WZpRV6gzH4I2Jfwsx1KBtw1WFASal2dM
emnlp24_doc924	1IAFdkFWdxx1s6VZ_knH_hETwzeFkVcNH	1_zVAjzEmqSeQ_oZgL7Vhtfrkbl_mYdlP
emnlp24_doc925	1kXnSqKAriXeQ_bF76HmspfB3lGqKfSQC	1DY0gaiP_hbOYfji1ehpCZ5W7_H3XyIZ_
emnlp24_doc928	1Dyq0x6BWMbrLue82ixS2pKXDNKyzLwnu	1lCS5ar4AW6429jTRfQTIMqMf_1SILD42
emnlp24_doc931	1Ix3M-XtIS_eD0JzxtxjBgB0cr5wXQYdd	1W-wwHc98Rtv42ua95XD4YphtXMo-aotD
emnlp24_doc935	1WWevhrrpgOmc1rq1sPlA4FQNrzQN-Jo9	15NqwVHCmQrNk5xg6IR1bTvGAB81u4UWb
emnlp24_doc940	1jSmLNYdb7OR9gj8z1jwTMkILLcWHLhjI	1t7lrA7slWHJa8ioVPesb1BGF0WdKGAKz
emnlp24_doc941	1XYZkNDKwWxigp5DNHyo61rd2_nk0ji0h	1AipcEfrVQYhXjc2cy1gTXv7hnccFYmoI
emnlp24_doc947	1eo1h19UqiIR45Jb8Ie7oMiroKMXvyGEP	1bQKkgi5P7FjIwlqZZmE0p1J10MTqIv3s
emnlp24_doc952	141-7EhJftucYTMc70F4D6RP3S6PljKzD	1V_-CQ0J_jQDWrjPtTVggf71bBSuvzWVD
emnlp24_doc954	1zRvWg2FIl4jihTVtcY4d1mErVqHng3W5	1u_5WESsQZ87_hpAGsrQn_qjjaOCRM0P_
emnlp24_doc962	1HY4FgnbisFmZlkXL-gtYL4OeTtPx7avo	1Zd27PDV3eEMLOpk9exNmR2LFVVkCLDfP
emnlp24_doc966	1Lcj5EvkKebq7tdt2zcjOQSkNxXdDFD3W	1kPn2n1KvCNQwyTUNlZS9JI8oehmsT3XU
emnlp24_doc971	1REdkjEjF6pm2usjdeCg6UcvWk-lVDv_7	1a5pauaVM55lfUJlANNt7CBfTetmfGIiW
emnlp24_doc984	1KW858HD6uwOzBjZjLhjEsYRgx64P_Sg5	1jtUVYmnGO17qUyTdFTjDVmZwQ4L16F9Y
emnlp24_doc989	1qTARDTV_BcgD2XsobnkSRi8Y0aKlWRE9	1N5gYK1QwECOmvlMUFsuxEAhJrnhqay5d
emnlp24_doc1009	1TutztJMkjNl3MJlD79l6WWddXxQOPzP-	1jDhZNMv2IdLHY0XFnm7HLWzJ8AtZcajY
emnlp24_doc1013	1ofkBuhswLsB3Hs694dtypgyJgzBnPULS	1p1u9qzAXMifhOdaUEkK9Wszmjf26R2tH
emnlp24_doc1021	1fXY_1KK2KECZm8HYEfhGOyHhbPDEJ_zg	1CxYruOEX8fMGhKgeSn6KzeoFhCegLUNX
emnlp24_doc1035	1e_c0ZB1qXraSAy1BS5KgL48GXc0pSyGj	1DIC_vqMoCPU0HPo6EytCyBdtTIbrE8fy
emnlp24_doc1040	1zJR2ciBe7_CRq4Vu_WA0FELWCzqV-fll	1cShQJBbDPKHIKZ3vEaCu2J71CFIlaoyc
emnlp24_doc1042	1zUjhYwYmYDM6vJJgLxpDmg6Sqqtervjl	15L6Qhp585ZarHbU7DuCu1BmIV9fq_sP8
emnlp24_doc1043	1mgcCsalSL7x3YpCRXgah1_i4iTcIo-HR	1ReltZx2s2UB8V9w8NfZbL193ECsdX8Ur
